Surveyor,02-153-6060,34393
Supervisor,78-590-1770,88820
Architect,26-813-5897,135177
Construction Foreman,41-303-3128,82702
Supervisor,12-320-9753,135388
Project Manager,09-424-0046,36548
Project Manager,82-422-6367,100053
Construction Expeditor,37-779-6402,16058
Supervisor,36-893-5058,60223
Subcontractor,85-281-5915,107539
Project Manager,59-219-1439,149845
Supervisor,22-233-0476,28305
Electrician,21-406-9236,57319
Construction Worker,67-550-9433,102627
Engineer,17-852-5183,84991
Construction Worker,66-057-7578,14377
Construction Foreman,71-410-3391,55079
Electrician,15-557-1657,40181
Project Manager,53-699-4261,68898
Construction Manager,21-725-0452,143338
Subcontractor,06-459-3581,116121
Project Manager,33-862-8204,70905
Construction Manager,94-168-6863,60460
Surveyor,08-096-9936,76327
Electrician,18-862-4887,61318
Architect,49-380-5617,65868
Electrician,77-584-2350,23892
Construction Manager,14-625-4536,87855
Project Manager,93-944-7730,35042
Subcontractor,24-461-8332,121646
Estimator,64-690-6386,149875
Electrician,30-320-5183,50024
Surveyor,99-079-3836,50663
Engineer,19-571-7158,29206
Construction Worker,24-628-4189,63696
Construction Worker,48-955-9371,146729
Estimator,19-273-9467,57631
Surveyor,98-482-2197,33967
Supervisor,15-772-6217,112609
Estimator,93-284-8747,10445
Subcontractor,28-822-0803,123009
Estimator,84-662-9898,139786
Project Manager,23-389-3376,27532
Construction Manager,45-056-3315,73804
Construction Worker,33-987-6798,47387
Electrician,04-181-3134,63501
Architect,99-089-1095,38616
Construction Worker,80-642-2247,68186
Construction Manager,80-460-4523,106812
Subcontractor,13-162-5400,110594
Electrician,59-247-2248,133227
Engineer,12-873-0426,49061
Electrician,25-958-2612,58022
Engineer,09-795-6266,99895
Subcontractor,15-558-5983,37846
Construction Foreman,37-452-9049,86779
Construction Foreman,85-917-6763,107950
Engineer,68-937-1800,102704
Construction Manager,25-625-8918,90345
Architect,96-068-2650,107275
Estimator,24-112-2430,144711
Construction Worker,56-649-7028,140533
Subcontractor,19-279-4528,58954
Construction Manager,81-962-4795,133285
Construction Worker,21-872-6789,40537
Supervisor,95-149-0597,148499
Supervisor,76-129-0673,38116
Engineer,89-681-7569,91973
Project Manager,22-220-1837,126904
Construction Foreman,33-468-7362,103271
Construction Expeditor,84-476-3817,77842
Surveyor,60-121-3700,129361
Architect,36-174-0205,27668
Supervisor,95-989-3856,82924
Subcontractor,15-410-2463,74139
Engineer,58-002-3797,131343
Subcontractor,12-140-7361,125546
Construction Worker,33-933-8876,67162
Construction Expeditor,19-769-1448,72142
Engineer,29-385-3803,17222
Supervisor,48-162-5738,147163
Subcontractor,15-407-4995,56964
Engineer,20-492-4634,96518
Subcontractor,87-295-9765,36112
Supervisor,67-003-9034,29160
Surveyor,30-531-7197,118726
Construction Manager,27-240-3883,11780
Subcontractor,10-601-9615,99536
Surveyor,59-349-4886,71792
Construction Expeditor,90-069-0307,126220
Supervisor,44-855-6569,41606
Supervisor,10-525-4260,44389
Construction Worker,07-023-6236,47074
Electrician,84-790-7086,39523
Estimator,48-733-3856,132050
Estimator,34-101-9247,52363
Subcontractor,26-356-6677,49632
Construction Foreman,85-591-2847,142355
Electrician,15-645-6227,11966
Engineer,15-302-4667,22675
Construction Worker,70-712-2023,79186
Construction Worker,19-550-8514,108511
Engineer,58-616-3380,54612
Construction Worker,57-478-1880,57381
Subcontractor,40-149-8848,91817
Surveyor,71-483-6333,118942
Electrician,27-071-8556,145595
Subcontractor,25-689-3089,114255
Subcontractor,26-856-9765,56591
Construction Manager,43-930-0667,83740
Electrician,70-166-7558,42314
Architect,92-739-8426,114673
Subcontractor,71-496-2516,65506
Construction Expeditor,52-362-0722,10675
Engineer,29-283-9611,93421
Electrician,57-460-6899,135295
Architect,60-394-5620,76329
Surveyor,08-428-8744,99107
Subcontractor,89-061-4271,120388
Construction Foreman,30-232-0863,128383
Project Manager,43-360-0788,85732
Architect,37-186-8701,139851
Subcontractor,93-668-0321,148509
Estimator,74-105-9086,79932
Surveyor,77-389-3764,58684
Construction Manager,38-292-2304,20812
Construction Expeditor,68-165-9230,58801
Estimator,31-899-4800,51010
Construction Foreman,41-451-2297,71873
Electrician,12-772-6121,59651
Construction Manager,53-479-7186,140718
Construction Expeditor,03-825-7723,94309
Construction Worker,92-124-1808,142682
Construction Expeditor,17-492-0732,140631
Construction Expeditor,94-708-8303,110191
Construction Manager,58-107-6336,110434
Construction Worker,20-485-9331,77659
Electrician,72-292-3557,133751
Construction Manager,38-821-4875,116099
Estimator,44-554-9844,38032
Architect,01-786-4643,68959
Surveyor,64-667-8792,111823
Supervisor,38-105-8764,108832
Subcontractor,16-057-6287,28609
Construction Worker,46-906-0246,138032
Estimator,99-171-3653,113894
Construction Foreman,74-692-8121,143853
Estimator,18-992-9127,143059
Electrician,12-338-8641,64533
Surveyor,73-246-9675,135848
Electrician,06-751-5151,104620
Surveyor,08-353-4986,71585
Surveyor,28-052-4009,32525
Project Manager,85-025-8910,106133
Engineer,19-830-2603,80672
Surveyor,41-205-5781,142697
Project Manager,77-860-0183,112736
Subcontractor,42-174-1843,66742
Surveyor,35-743-1056,97908
Subcontractor,97-238-3113,51698
Subcontractor,26-606-3962,114115
Architect,38-232-4521,75031
Construction Expeditor,82-177-7239,145916
Surveyor,64-893-3333,140467
Engineer,73-438-3432,70148
Architect,23-772-6932,106102
Subcontractor,66-250-3401,144164
Project Manager,74-431-1800,118275
Supervisor,61-235-6555,108563
Construction Expeditor,41-241-7795,106651
Project Manager,88-188-1037,17254
Surveyor,42-001-9715,92935
Surveyor,74-717-0535,148132
Construction Foreman,20-047-5793,24699
Construction Expeditor,24-770-0137,47363
Subcontractor,13-510-7351,33463
Subcontractor,65-336-4551,18593
Project Manager,04-543-3776,14479
Estimator,98-619-2518,115851
Construction Manager,05-667-6205,77802
Architect,07-779-9424,110318
Engineer,42-848-6136,139902
Engineer,92-263-6985,67757
Project Manager,53-495-5274,108753
Supervisor,27-631-5543,34041
Construction Foreman,23-233-5708,121217
Subcontractor,97-247-3888,115327
Construction Foreman,19-928-6783,49226
Construction Worker,50-826-4592,134655
Engineer,45-261-0093,105215
Construction Foreman,81-603-7341,24661
Engineer,80-313-8623,102042
Engineer,07-818-1026,103461
Architect,79-717-1819,140667
Architect,67-512-7913,61928
Supervisor,70-527-1280,28130
Surveyor,32-795-2515,137046
Project Manager,34-841-8540,59292
Surveyor,19-320-7479,10872
Architect,13-851-8424,139383
Architect,69-640-5459,114504
Construction Expeditor,63-854-1881,10487
Construction Worker,95-130-1119,122909
Estimator,26-961-2575,86873
Construction Manager,92-009-1941,29403
Project Manager,23-588-5916,53425
Construction Expeditor,06-417-2806,114735
Subcontractor,16-868-3563,27315
Supervisor,98-781-3022,87603
Project Manager,82-514-6352,142622
Engineer,50-113-9993,131183
Project Manager,61-874-9432,60698
Project Manager,28-251-3834,106589
Architect,77-890-9719,54613
Construction Manager,66-066-6186,92316
Construction Expeditor,04-176-0547,142965
Engineer,84-227-8035,144864
Construction Worker,34-092-0223,126435
Supervisor,46-378-6265,68809
Subcontractor,47-507-0946,123908
Construction Expeditor,31-302-7488,84390
Construction Manager,73-759-2117,63684
Architect,40-023-7808,110383
Construction Expeditor,30-535-0718,49427
Project Manager,35-613-3935,60412
Estimator,89-478-3057,62707
Surveyor,75-085-3974,97538
Subcontractor,76-197-6017,134719
Engineer,80-367-0176,120128
Estimator,61-394-1807,11686
Electrician,10-395-7235,116858
Construction Expeditor,64-981-0246,19306
Construction Worker,64-138-6356,49710
Subcontractor,41-598-4159,124593
Construction Foreman,70-547-8602,66507
Engineer,63-318-3012,24556
Engineer,39-053-2370,96548
Electrician,85-266-6240,30615
Construction Foreman,33-948-0170,44893
Electrician,77-301-5960,117277
Project Manager,88-426-5938,102355
Surveyor,79-590-3102,79267
Engineer,81-383-4278,51755
Construction Expeditor,09-573-7537,111917
Estimator,07-669-5939,129617
Construction Manager,32-760-4209,60108
Engineer,38-349-1819,100264
Construction Foreman,92-916-1948,126207
Construction Expeditor,25-374-1630,12866
Engineer,27-795-2440,29816
Estimator,47-174-6915,91292
Construction Worker,69-862-9984,43599
Project Manager,84-519-2012,53363
Construction Worker,58-120-5472,103668
Construction Expeditor,27-758-8530,77511
Construction Expeditor,85-263-6494,91994
Estimator,46-535-7762,89255
Surveyor,62-796-5319,19797
Subcontractor,35-144-5707,82248
Construction Manager,48-893-0007,80610
Construction Manager,73-017-1704,138486
Project Manager,49-166-6076,52847
Construction Worker,14-882-5190,86499
Project Manager,31-293-9077,138168
Subcontractor,48-520-9183,81251
Electrician,22-719-3150,13262
Estimator,54-678-1238,58971
Project Manager,67-329-8939,64205
Construction Manager,39-934-0514,23426
Construction Expeditor,21-799-8710,77500
Construction Expeditor,16-905-6377,112514
Estimator,26-396-2978,10793
Construction Manager,77-971-5270,24319
Supervisor,75-903-1016,13110
Surveyor,92-112-4949,119962
Electrician,37-820-9744,100712
Construction Expeditor,10-258-6809,89794
Electrician,49-201-1257,85211
Construction Expeditor,85-528-4473,61307
Engineer,14-917-5106,27418
Estimator,21-763-0005,89985
Electrician,13-400-6438,127990
Supervisor,89-096-5393,36792
Construction Foreman,15-157-6800,119003
Subcontractor,25-944-3627,116817
Construction Expeditor,58-273-1521,89864
Project Manager,76-358-8789,146738
Construction Manager,73-759-4981,83883
Architect,99-947-5802,11932
Supervisor,37-376-7733,100459
Subcontractor,77-758-6688,85642
Project Manager,13-116-6474,37471
Estimator,25-998-5717,86322
Project Manager,75-889-3096,79390
Supervisor,00-262-2727,23938
Construction Expeditor,97-011-9330,91735
Supervisor,41-511-1014,59439
Surveyor,76-361-0406,143866
Construction Manager,75-439-1682,29415
Supervisor,47-395-9905,91771
Architect,88-340-8168,32990
Engineer,99-430-0460,127845
Construction Worker,74-431-0717,67483
Project Manager,38-802-0946,107224
Construction Expeditor,31-289-2425,95078
Surveyor,76-432-7446,35263
Construction Foreman,41-152-2178,116495
Construction Expeditor,09-227-9100,87087
Construction Expeditor,66-290-7267,122408
Construction Foreman,28-800-2293,126289
Electrician,38-197-9121,49485
Construction Expeditor,56-584-3739,52419
Project Manager,22-456-3106,106829
Surveyor,17-716-0584,40916
Construction Manager,55-815-9801,67996
Supervisor,01-601-9512,81672
Construction Worker,60-669-3267,87677
Engineer,40-063-8781,143773
Supervisor,97-480-8925,64622
Architect,61-121-4089,107761
Subcontractor,69-668-3886,57920
Estimator,34-657-2939,32509
Subcontractor,36-191-2200,79126
Engineer,94-138-1016,114258
Project Manager,30-468-2013,40165
Architect,26-443-2670,52863
Construction Worker,33-099-6391,87429
Construction Foreman,48-900-9579,132329
Architect,12-482-2689,69885
Project Manager,73-400-9668,61555
Engineer,73-622-8290,118605
Construction Foreman,76-047-2862,135044
Supervisor,35-264-4433,70462
Construction Foreman,42-912-2516,144107
Engineer,79-656-4549,111951
Electrician,89-618-3378,24307
Construction Worker,05-499-4903,17816
Engineer,70-481-0903,80643
Construction Worker,26-395-8726,97254
Construction Expeditor,30-026-8828,135768
Engineer,46-747-9539,121296
Project Manager,04-729-1172,15502
Surveyor,10-986-6553,22028
Architect,45-347-8058,53102
Surveyor,97-850-6978,68006
Estimator,77-206-1730,31614
Architect,13-649-8705,16905
Construction Manager,67-774-0763,87999
Construction Expeditor,71-926-4542,97104
Construction Manager,48-628-0607,45152
Architect,65-093-7769,144486
Surveyor,20-064-9027,37091
Construction Worker,30-650-3462,64450
Subcontractor,38-229-7402,143829
Engineer,75-777-5985,55482
Engineer,29-745-5620,57075
Construction Manager,78-411-5769,12502
Construction Expeditor,86-938-3325,123897
Estimator,08-533-3254,134253
Electrician,89-055-0942,118747
Electrician,40-399-5272,91608
Surveyor,19-461-6700,10126
Electrician,30-276-4105,130146
Construction Foreman,30-097-6568,85952
Estimator,26-569-3184,129143
Construction Foreman,25-562-6742,100637
Construction Expeditor,83-820-3659,132502
Construction Worker,55-006-6727,93975
Subcontractor,23-112-3996,46286
Construction Foreman,71-795-5676,73963
Construction Worker,61-922-6377,95400
Estimator,00-618-3551,25713
Estimator,57-461-3754,25275
Engineer,63-413-8203,74373
Electrician,93-852-5153,23264
Estimator,67-019-0790,11297
Surveyor,31-121-5065,63376
Supervisor,50-498-8565,17986
Construction Expeditor,45-453-1177,113598
Subcontractor,56-808-9372,48493
Project Manager,22-744-4483,33678
Subcontractor,82-298-1741,47271
Construction Manager,76-044-2396,110063
Project Manager,48-136-2093,65742
Construction Manager,25-982-3116,83856
Construction Worker,04-969-3552,49155
Construction Worker,89-672-6329,101819
Engineer,99-883-1943,81393
Construction Expeditor,95-913-1865,18155
Project Manager,27-330-8278,71188
Engineer,13-336-2513,102411
Architect,54-906-0088,83486
Surveyor,56-377-6651,58150
Construction Foreman,83-280-4560,51808
Surveyor,42-114-8069,37037
Construction Expeditor,59-871-6830,131982
Supervisor,58-148-1438,41219
Architect,17-591-2247,13290
Construction Foreman,90-345-0376,111518
Electrician,82-249-8892,20245
Supervisor,75-985-8597,125537
Project Manager,30-832-9359,148454
Architect,26-175-5638,93686
Project Manager,40-161-7915,28169
Architect,84-438-0939,13632
Surveyor,12-082-1069,58689
Project Manager,10-587-2126,115492
Construction Expeditor,85-830-4824,31506
Subcontractor,60-267-7173,19475
Supervisor,11-373-6124,16235
Electrician,93-641-7087,93108
Construction Expeditor,89-838-8870,75758
Supervisor,50-451-4292,60341
Estimator,67-504-9491,71551
Construction Foreman,34-911-8937,14940
Estimator,52-741-5726,100260
Construction Worker,29-059-2273,48080
Construction Manager,11-654-4334,106325
Construction Worker,74-534-7050,138368
Project Manager,58-018-7179,56423
Project Manager,76-962-3498,56000
Subcontractor,55-567-7245,61164
Electrician,59-453-9425,72507
Construction Expeditor,53-583-2584,99562
Estimator,53-895-1282,86530
Electrician,71-395-1150,89514
Electrician,88-829-4253,138362
Estimator,27-775-7011,28857
Surveyor,12-748-0655,13995
Construction Worker,21-656-6478,62413
Supervisor,67-122-9696,94348
Construction Worker,16-519-1483,115154
Electrician,68-369-1237,108683
Construction Expeditor,95-498-6563,97338
Architect,06-838-9682,71272
Project Manager,32-389-6885,16648
Project Manager,05-286-4780,116715
Construction Foreman,19-082-2367,125221
Electrician,23-471-4947,26706
Architect,61-786-3165,108308
Construction Foreman,65-090-4449,87413
Architect,64-503-1415,67124
Architect,50-633-8411,139919
Supervisor,16-901-3581,80847
Subcontractor,40-841-1986,37059
Architect,80-285-4572,89552
Architect,66-171-5925,16130
Project Manager,42-580-3641,53411
Construction Manager,85-524-1068,75352
Subcontractor,11-334-0879,139483
Estimator,70-535-5391,50946
Supervisor,05-842-9183,107939
Subcontractor,07-707-1130,125640
Construction Worker,72-454-7179,142635
Estimator,51-112-4249,80459
Subcontractor,63-095-0426,27848
Estimator,89-066-6475,81316
Subcontractor,41-898-6836,125264
Estimator,27-485-4921,142550
Construction Manager,97-274-5387,59976
Architect,52-147-2722,90528
Construction Worker,41-684-3200,80256
Estimator,15-999-9001,53598
Surveyor,85-227-2493,14829
Surveyor,90-633-9336,81291
Estimator,51-268-2499,72704
Project Manager,14-167-2985,66650
Construction Worker,98-093-9035,27770
Project Manager,20-491-1665,109382
Subcontractor,54-002-6989,35562
Construction Manager,59-078-2462,27006
Architect,52-330-4122,103670
Electrician,01-116-2559,103655
Construction Expeditor,08-340-0719,126161
Construction Manager,26-345-0880,14630
Engineer,54-649-2195,88287
Electrician,79-194-5126,124237
Construction Foreman,16-529-5037,38780
Project Manager,85-108-6094,34947
Architect,02-868-7864,47475
Engineer,87-446-6094,98431
Subcontractor,03-596-8946,146447
Engineer,07-582-2636,72800
Project Manager,96-172-3163,75286
Architect,09-096-9272,114141
Subcontractor,17-512-4231,97180
Engineer,25-062-2191,59982
Estimator,38-010-4917,101787
Electrician,99-620-1999,68140
Estimator,58-175-8580,10511
Architect,43-724-4642,133473
Estimator,78-572-4948,129861
Estimator,07-197-5014,15738
Architect,46-771-3308,82901
Subcontractor,26-231-4687,147703
Project Manager,44-602-6070,81998
Surveyor,46-097-9497,136564
Construction Expeditor,06-450-3049,136796
Supervisor,00-174-9314,98674
Supervisor,19-365-1413,71511
Engineer,23-270-3559,77420
Estimator,05-902-9860,86086
Construction Foreman,27-167-3525,129794
Engineer,79-145-9312,39853
Supervisor,66-090-1557,43931
Electrician,35-809-4594,135964
Project Manager,08-021-1080,25063
Architect,26-130-3545,12025
Construction Foreman,18-011-8007,119420
Estimator,00-474-8859,148002
Construction Expeditor,96-038-6172,88589
Construction Worker,17-123-6756,132131
Project Manager,43-181-6584,97919
Project Manager,04-562-0928,130304
Construction Expeditor,34-796-9537,113690
Construction Manager,93-622-2705,73016
Construction Manager,62-514-0168,39959
Construction Worker,35-253-5828,74732
Subcontractor,68-868-7640,93810
Construction Worker,25-391-0934,96323
Construction Foreman,39-194-2762,122264
Engineer,37-972-8045,57409
Construction Foreman,28-064-1801,131005
Architect,98-720-0125,137921
Electrician,90-831-8623,83033
Engineer,69-790-1799,25588
Architect,05-503-5541,97702
Subcontractor,45-502-8473,77634
Electrician,43-990-2692,51362
Electrician,59-250-8580,98418
Surveyor,46-300-6213,71648
Subcontractor,58-685-8123,82540
Estimator,16-446-1904,83575
Construction Foreman,55-611-9155,60013
Engineer,32-842-8280,24700
Project Manager,32-872-1716,31283
Architect,24-456-1437,78161
Architect,28-859-3559,78846
Construction Manager,75-385-5869,79244
Engineer,48-982-7635,51662
Project Manager,14-093-3041,32786
Electrician,47-453-7251,134281
Supervisor,91-326-4036,104611
Construction Expeditor,67-109-0416,71387
Subcontractor,66-562-4783,72648
Architect,23-248-0003,142060
Construction Worker,48-498-8162,131502
Project Manager,87-413-3242,15829
Architect,76-178-5670,89707
Estimator,71-561-5738,134680
Engineer,03-609-4051,53966
Construction Foreman,30-255-1157,29058
Construction Foreman,72-327-8593,56264
Surveyor,27-865-8883,33357
Construction Manager,24-592-0759,11248
Surveyor,30-134-7581,62469
Estimator,17-621-8311,33850
Engineer,50-533-3197,146090
Construction Worker,12-235-7261,77709
Project Manager,00-918-2539,74900
Supervisor,18-824-2493,33637
Estimator,09-664-2118,128491
Construction Worker,49-844-7531,132992
Construction Foreman,70-702-4396,110564
Construction Worker,78-129-8914,17363
Supervisor,96-736-7547,53914
Construction Foreman,99-696-4708,18039
Engineer,09-287-6223,141777
Surveyor,91-811-9431,104134
Surveyor,62-580-1223,26972
Supervisor,50-133-6582,17256
Supervisor,95-445-9748,31964
Project Manager,65-921-9086,35825
Surveyor,80-651-5101,51935
Subcontractor,71-231-5325,143098
Subcontractor,10-336-2451,138260
Construction Worker,83-652-2468,21144
Project Manager,79-044-9122,70361
Estimator,38-265-9321,105750
Electrician,77-471-6490,96581
Electrician,48-630-5403,41031
Supervisor,50-524-2243,64710
Construction Expeditor,57-043-7985,53360
Engineer,60-345-3518,64170
Engineer,55-562-8422,144391
Estimator,60-472-4181,97335
Surveyor,86-577-0216,72032
Construction Manager,97-477-6555,17872
Construction Manager,96-778-3451,58664
Construction Manager,05-683-9705,112904
Construction Worker,08-098-5528,95690
Supervisor,91-121-3375,127376
Construction Worker,72-955-8008,117767
Engineer,02-956-3797,13986
Project Manager,72-372-3703,146811
Construction Worker,15-968-3344,67906
Subcontractor,46-355-3990,77454
Project Manager,78-979-1725,98406
Construction Expeditor,64-756-2039,50048
Subcontractor,53-003-6656,59857
Construction Manager,42-799-2405,66957
Estimator,95-251-1827,16015
Architect,01-593-7040,141678
Construction Worker,56-463-8617,82626
Construction Expeditor,63-262-4641,48170
Estimator,69-319-5172,21621
Architect,30-974-3123,79608
Estimator,01-080-8328,88461
Electrician,70-898-4155,136539
Electrician,52-555-6441,145063
Construction Manager,50-959-5049,140905
Estimator,67-545-7136,81827
Subcontractor,78-381-2235,33615
Subcontractor,99-564-7964,98044
Construction Expeditor,78-542-9944,123667
Subcontractor,10-632-8245,147384
Estimator,04-297-1057,55273
Project Manager,06-697-6175,78366
Electrician,42-334-4276,101293
Surveyor,59-716-9155,121753
Subcontractor,51-347-5094,146631
Construction Expeditor,30-253-1807,64685
Engineer,77-411-6885,65599
Construction Manager,28-245-8365,29571
Construction Foreman,37-609-2188,47243
Architect,51-749-9930,123363
Construction Expeditor,53-599-8129,147400
Construction Manager,44-379-7124,116207
Subcontractor,53-039-3645,17105
Construction Foreman,95-525-9593,26412
Architect,24-866-8961,30320
Construction Expeditor,68-257-2944,147619
Surveyor,34-565-5082,64584
Architect,81-772-7748,73992
Architect,84-379-1859,80468
Supervisor,71-728-2293,92164
Construction Worker,03-804-0700,28156
Supervisor,13-620-4333,52460
Estimator,38-582-2571,91676
Supervisor,83-941-4215,42904
Supervisor,86-638-2036,37994
Construction Worker,60-468-2089,127127
Construction Worker,23-556-5925,132514
Project Manager,76-341-1787,30753
Construction Worker,88-376-2875,40040
Electrician,33-691-6627,136230
Supervisor,54-379-4300,81742
Supervisor,41-659-8487,40541
Estimator,85-202-6469,19594
Construction Foreman,77-910-7067,82761
Engineer,42-512-2800,67149
Construction Foreman,75-487-0766,47531
Subcontractor,08-675-2640,64808
Construction Foreman,24-613-1241,122883
Supervisor,37-264-7468,33470
Estimator,94-053-0884,56372
Subcontractor,66-023-4757,62018
Construction Expeditor,70-345-9443,100876
Supervisor,06-319-5890,133215
Architect,97-128-9552,27540
Project Manager,55-488-0774,98873
Construction Worker,91-604-9790,55662
Project Manager,88-571-7712,56959
Construction Expeditor,90-689-2011,61670
Supervisor,60-725-3757,111564
Engineer,08-939-8772,115196
Surveyor,19-960-9198,68618
Subcontractor,46-744-9806,124084
Supervisor,84-936-4384,105931
Architect,50-010-6663,49208
Estimator,55-837-1700,143134
Project Manager,93-743-4780,42945
Construction Worker,50-116-9168,18131
Electrician,53-463-1045,13865
Electrician,76-184-1932,26312
Project Manager,37-162-9465,87318
Electrician,00-036-4951,33853
Surveyor,59-869-2204,61393
Surveyor,66-066-9656,123548
Architect,43-133-4211,46870
Architect,24-510-5852,144945
Surveyor,28-505-6458,11536
Subcontractor,85-999-6883,82766
Construction Manager,71-215-8094,79837
Subcontractor,07-342-6896,72904
Estimator,97-651-8486,140704
Construction Expeditor,19-149-5372,12744
Supervisor,37-674-1166,77576
Estimator,12-469-6925,57842
Construction Manager,38-810-1204,79261
Construction Manager,53-167-1310,134772
Electrician,69-310-5383,58709
Architect,85-050-3931,81630
Project Manager,50-917-3490,35497
Supervisor,90-627-1391,58836
Supervisor,86-174-2999,89148
Subcontractor,67-443-1773,123705
Construction Worker,16-024-1033,77334
Subcontractor,90-696-3099,134305
Subcontractor,59-721-0061,122613
Engineer,31-424-5094,122525
Supervisor,88-204-0722,137827
Surveyor,56-531-1187,81666
Construction Worker,50-531-6923,148715
Construction Manager,84-355-4867,115125
Estimator,81-489-3854,149464
Subcontractor,76-816-8731,12694
Estimator,26-553-6870,18874
Architect,03-368-4166,110550
Surveyor,67-798-4740,50424
Architect,16-648-4706,109078
Construction Expeditor,05-648-0904,52667
Estimator,85-780-3480,149787
Construction Foreman,87-772-5650,124950
Project Manager,66-080-0022,125105
Supervisor,46-296-0132,57219
Estimator,41-843-4751,17599
Project Manager,94-513-7458,37464
Engineer,47-292-6009,10592
Architect,08-295-4929,38629
Construction Worker,08-789-5923,148943
Construction Expeditor,84-260-8455,140630
Construction Manager,83-644-0677,81607
Architect,78-512-4587,86204
Construction Worker,30-147-6487,114729
Construction Worker,34-445-8471,16095
Supervisor,84-184-1432,18713
Construction Manager,26-531-7380,84552
Surveyor,52-044-7097,97683
Project Manager,92-390-9000,15187
Construction Foreman,63-347-4389,145967
Supervisor,93-656-5438,145596
Electrician,74-338-3055,52694
Construction Worker,04-367-1771,44214
Construction Expeditor,61-676-5188,134668
Architect,53-115-6962,147409
Project Manager,02-918-7331,86694
Project Manager,39-589-2236,19097
Construction Expeditor,42-567-4445,113852
Project Manager,43-860-8282,60422
Surveyor,17-501-5906,56601
Estimator,01-063-9454,16498
Surveyor,01-642-8142,124429
Architect,28-567-3227,83751
Construction Worker,03-253-0954,41977
Project Manager,39-332-7587,87376
Architect,91-244-2562,40268
Construction Expeditor,96-639-2805,89439
Supervisor,74-492-2871,27868
Estimator,24-832-2984,129508
Surveyor,31-064-6208,84354
Electrician,11-157-6777,78256
Construction Manager,15-436-2118,46312
Estimator,85-970-8395,121389
Architect,46-501-9770,133110
Supervisor,40-069-5892,112402
Architect,43-240-2323,133343
Construction Expeditor,41-977-4781,134596
Architect,15-332-7466,120112
Estimator,84-708-6717,28893
Project Manager,38-043-1512,35570
Subcontractor,72-809-0864,117983
Electrician,68-227-6355,114330
Construction Foreman,24-512-7094,19343
Engineer,59-895-1323,36889
Surveyor,84-999-4088,129482
Supervisor,45-905-3213,18377
Surveyor,90-901-5348,106356
Engineer,50-773-8146,119662
Project Manager,10-470-3614,93503
Supervisor,14-264-6520,52719
Estimator,06-812-0262,39998
Engineer,63-608-8240,88524
Surveyor,27-241-3151,114473
Estimator,20-604-2095,75435
Construction Manager,90-210-6435,83626
Estimator,54-837-2606,78355
Electrician,25-227-9527,80196
Subcontractor,97-037-6036,84093
Engineer,27-373-9019,75750
Architect,44-128-2962,137850
Subcontractor,79-966-1309,136420
Electrician,33-959-8074,100641
Construction Worker,37-770-0799,101213
Architect,20-099-9123,100326
Estimator,39-404-7683,35676
Architect,56-412-6379,137773
Estimator,59-441-9151,130160
Estimator,72-533-9056,14683
Project Manager,67-876-8089,77225
Construction Foreman,08-569-1032,55579
Project Manager,66-220-7543,69328
Estimator,96-745-0617,117413
Engineer,34-376-0995,92872
Project Manager,51-578-6881,47683
Estimator,94-125-8257,73607
Project Manager,09-909-7480,94605
Surveyor,58-564-1247,49002
Engineer,43-434-3967,23507
Construction Manager,25-421-8113,129545
Engineer,39-588-0474,36816
Surveyor,35-091-9298,70471
Subcontractor,26-344-4997,115879
Supervisor,94-788-8268,91939
Estimator,89-698-2870,28553
Construction Worker,28-872-5074,121743
Architect,93-792-1536,51775
Estimator,84-656-9635,107413
Electrician,17-284-3424,62456
Engineer,46-465-7190,89408
Surveyor,99-184-1040,34827
Construction Foreman,50-725-9378,82994
Architect,64-404-5624,43154
Supervisor,30-253-9146,131579
Construction Worker,87-906-2575,18125
Construction Foreman,74-943-7771,99030
Engineer,31-327-5002,94967
Architect,20-080-0241,89617
Engineer,77-222-3855,20788
Estimator,81-393-3770,47494
Surveyor,55-814-8158,39951
Construction Foreman,90-126-3515,74751
Construction Worker,18-444-0920,33547
Surveyor,71-911-5767,60208
Engineer,70-740-3165,129254
Engineer,43-806-0497,44557
Subcontractor,68-750-9669,106792
Electrician,88-400-4569,134794
Construction Expeditor,86-998-1576,82544
Electrician,54-370-4078,134097
Estimator,29-759-0091,146196
Supervisor,73-288-9259,135213
Project Manager,68-236-3889,67653
Supervisor,13-903-8732,115609
Construction Foreman,44-852-8652,60061
Project Manager,87-614-5983,14514
Architect,81-242-5427,116778
Subcontractor,70-092-6819,137971
Supervisor,27-202-3786,35155
Estimator,45-189-8852,143793
Project Manager,89-933-3366,119047
Architect,69-580-1929,40315
Construction Worker,18-478-4802,56063
Subcontractor,26-055-2357,141956
Construction Manager,03-332-2785,84690
Construction Manager,13-649-5316,109195
Surveyor,90-518-8254,92923
Construction Foreman,42-879-9141,72556
Project Manager,71-104-4993,127035
Estimator,98-389-6102,125397
Construction Foreman,65-568-7699,75803
Subcontractor,49-409-0167,10227
Estimator,94-337-8080,63507
Surveyor,62-388-5600,88572
Construction Worker,99-350-3323,66756
Supervisor,26-099-7909,136116
Electrician,83-342-5291,67732
Electrician,42-621-4938,21012
Construction Worker,73-173-5617,46878
Subcontractor,14-834-7964,94638
Construction Foreman,24-552-3873,46029
Construction Worker,25-870-1432,85273
Construction Expeditor,10-390-1017,19252
Estimator,17-804-0938,57406
Construction Worker,24-158-9670,84549
Supervisor,54-494-2052,38849
Electrician,84-924-9311,33190
Project Manager,38-229-6794,139186
Construction Manager,93-503-4097,53161
Engineer,35-605-4151,22141
Electrician,28-988-0015,149232
Estimator,57-783-1819,46822
Project Manager,06-924-5154,91592
Electrician,54-180-0212,139920
Construction Foreman,89-416-9781,121941
Construction Foreman,77-750-3981,98083
Engineer,72-099-4494,59841
Project Manager,45-707-4369,76607
Construction Foreman,59-649-4042,149565
Architect,69-654-8356,103475
Construction Worker,48-095-6337,67181
Construction Manager,61-296-9800,116641
Construction Manager,60-337-6538,77352
Construction Manager,92-397-7740,121304
Construction Worker,36-799-9928,132199
Subcontractor,05-514-1897,65884
Construction Foreman,90-494-8774,66803
Surveyor,80-593-2844,43531
Electrician,66-239-3958,13340
Construction Expeditor,35-268-8937,36723
Architect,86-852-7562,127040
Construction Foreman,62-877-4112,40975
Project Manager,44-673-1213,130043
Construction Worker,08-896-2929,80751
Architect,09-294-0485,17109
Surveyor,27-278-3447,10360
Construction Expeditor,06-716-2724,116959
Estimator,57-442-8896,57900
Electrician,78-288-8328,10137
Supervisor,72-883-6371,52996
Construction Expeditor,18-485-2970,89420
Subcontractor,95-326-5649,81769
Electrician,39-156-6982,74526
Estimator,61-674-9488,96684
Architect,84-828-8772,140975
Construction Manager,60-680-4211,96238
Project Manager,95-607-9250,102017
Engineer,06-578-0289,119003
Project Manager,74-564-8967,105568
Construction Manager,91-558-3467,32417
Subcontractor,16-474-8348,121126
Electrician,68-549-7353,35494
Construction Manager,35-875-1873,71933
Construction Manager,11-154-7538,129890
Construction Worker,82-298-0617,141787
Engineer,71-458-4965,129034
Subcontractor,72-773-6390,18375
Estimator,60-072-8622,107324
Supervisor,31-153-7172,54484
Construction Manager,75-576-6179,64618
Supervisor,70-879-6648,44773
Engineer,87-548-6042,74521
Surveyor,66-479-4751,108218
Supervisor,89-756-8834,11929
Supervisor,54-154-8913,55549
Construction Expeditor,55-954-9561,52059
Electrician,23-364-8557,129902
Construction Foreman,19-688-3925,52662
Electrician,93-681-8716,21497
Architect,10-448-3086,39893
Surveyor,72-851-9614,41536
Electrician,80-610-4820,127787
Estimator,43-373-5045,15066
Supervisor,97-037-4586,86158
Construction Worker,11-232-7934,85793
Architect,67-714-1768,43599
Engineer,30-182-4083,97058
Supervisor,41-868-8850,115666
Estimator,19-417-2296,65383
Surveyor,75-037-7037,105044
Supervisor,77-776-5786,58784
Construction Expeditor,44-505-4587,95052
Architect,47-803-3203,131690
Construction Worker,16-248-8061,75159
Surveyor,99-830-6367,97717
Construction Expeditor,69-377-0644,111748
Construction Foreman,67-972-6609,31665
Supervisor,56-409-4492,128591
Estimator,35-325-9648,18945
Electrician,58-754-7090,59811
Supervisor,69-549-4784,25313
Electrician,91-149-6488,145662
Supervisor,71-730-6984,129659
Construction Worker,81-033-8075,130773
Estimator,47-855-2629,143279
Construction Foreman,34-502-7287,52878
Project Manager,15-698-2150,29304
Supervisor,44-338-4734,26664
Project Manager,11-272-3406,116459
Construction Expeditor,59-195-8738,16142
Surveyor,31-198-2568,24482
Construction Worker,87-722-7862,63884
Subcontractor,94-085-9383,137001
Project Manager,64-827-9221,36362
Supervisor,13-799-1656,28846
Project Manager,63-801-5912,148404
Construction Worker,28-218-9874,97702
Construction Expeditor,87-440-4387,48483
Subcontractor,29-741-2394,76018
Construction Expeditor,24-532-8046,28898
Estimator,83-508-8323,57215
Construction Foreman,41-943-3535,103812
Subcontractor,25-191-9685,25329
Engineer,41-269-6918,145330
Architect,62-433-5742,76283
Supervisor,40-188-7980,142664
Supervisor,78-635-0965,111962
Construction Foreman,12-928-3460,83374
Construction Worker,85-935-0767,13064
Construction Expeditor,76-298-1277,11929
Construction Worker,61-636-2220,114355
Estimator,37-330-4324,40426
Supervisor,93-619-4307,41165
Subcontractor,08-671-8636,81117
Electrician,86-638-0181,37958
Surveyor,73-187-9582,42315
Engineer,22-755-4904,137322
Construction Foreman,42-657-6944,55480
Subcontractor,78-879-6324,125903
Construction Worker,07-841-3511,129572
Project Manager,42-132-5954,90297
Electrician,46-313-8026,126671
Estimator,48-182-0860,128643
Architect,47-138-6809,135272
Electrician,99-491-3634,39079
Engineer,53-362-1647,126551
Construction Worker,74-138-8411,11442
Electrician,45-066-6541,65575
Supervisor,59-143-6436,88608
Architect,02-010-0252,124025
