KazemBlair,839 Forster Terrace
JacksonPostlethwaite,8861 Crescent Oaks Hill
MorganWarburton,0 Blaine Place
WendyParker,121 Birchwood Parkway
ReneeHawthorne,76317 Londonderry Point
CrystalLachey,226 Darwin Park
LuisWatson,34 Maywood Point
LeoPotter,7207 Dakota Crossing
NikkiHackman,33 Sachs Plaza
GabyPayne,32 Melrose Place
FayeFirth,013 Westridge Pass
CarleneElizabeth,0 Havey Park
MaxineOsborne,343 Prairieview Place
RickySquier,7995 Sullivan Terrace
TraceGordon,0888 Westridge Way
JodieTwilley,33 Division Avenue
RoscoeBarnett,0 Kropf Place
ManuHynde,55942 Gulseth Hill
RandallKhan,2 Kim Parkway
AlfieMcKellen,251 Spenser Drive
JavonBeckinsale,293 Pankratz Parkway
AnnaPalminteri,33 Arkansas Circle
MauraLyonne,35 Huxley Lane
AlbertTucker,7 Sullivan Crossing
JohnnyMcConaughey,87496 Mesta Trail
RosanneOlyphant,1 Utah Crossing
ChubbyBenson,695 Derek Street
AlbertVega,233 Acker Trail
JohnetteLowe,95 Mitchell Pass
ZooeyBello,36267 2nd Terrace
ShawnHatosy,9491 Hermina Crossing
Mary-LouiseGuilfoyle,135 Weeping Birch Alley
ValWariner,8 Delaware Court
RobinPierce,957 Mandrake Alley
BoFurtado,918 Monument Hill
HectorBroderick,19 Carberry Avenue
TriniErmey,59149 Raven Road
JudySawa,84 Muir Pass
RitaWalker,9164 Briar Crest Alley
DanniKing,9245 Kedzie Hill
TriniMatheson,9 Elka Terrace
JonArden,83 John Wall Way
EdwinOates,3 Merrick Parkway
MeredithBarkin,98716 Dunning Hill
KazemGraham,4267 High Crossing Circle
RosannaSherman,7 Springview Drive
TerenceMorse,70 Merry Circle
TedSpine,832 Drewry Point
BenicioHeron,12969 Division Court
BenjaminLange,8718 Hollow Ridge Park
