Arnona,0
Arnona,1
Fee,2
Arnona,3
Fee,5
VAT,7
Arnona,9
Income,10
Corporate,13
VAT,14
Corporate,15
Arnona,16
Corporate,17
VAT,18
VAT,19
Arnona,20
Corporate,21
VAT,22
VAT,24
VAT,25
Fee,26
Arnona,27
Income,28
Fee,29
Fee,30
Corporate,31
VAT,33
Fee,34
Fee,35
Corporate,36
Fee,37
Corporate,38
Fee,39
Fee,40
Fee,42
Arnona,43
Fee,44
VAT,45
Corporate,47
Income,48
Arnona,49
Fee,50
Corporate,51
Corporate,53
Fee,54
Corporate,55
VAT,57
Income,58
Corporate,59
Arnona,60
Fee,61
Corporate,62
Income,63
Income,64
VAT,65
Income,66
Fee,68
Corporate,74
Corporate,75
VAT,77
Fee,78
Income,79
Corporate,80
Fee,82
Arnona,84
Income,85
Corporate,87
Corporate,88
Income,89
VAT,90
Fee,91
Fee,93
Arnona,100
Fee,101
Corporate,102
Fee,103
Corporate,104
Income,105
Arnona,106
Income,107
Corporate,108
VAT,111
Arnona,112
Corporate,113
Income,115
Fee,116
Fee,120
Arnona,123
Arnona,124
Corporate,126
Income,127
Fee,128
VAT,129
Corporate,130
VAT,131
Income,132
Income,135
VAT,137
Corporate,138
Fee,139
Income,140
Arnona,141
Arnona,142
Corporate,143
Arnona,144
Arnona,146
Corporate,147
Corporate,148
Income,150
VAT,151
Arnona,152
Arnona,153
Corporate,154
Income,155
Income,156
Corporate,157
Income,158
Fee,162
VAT,163
Income,164
Fee,165
VAT,167
VAT,170
Fee,171
VAT,172
Fee,173
Corporate,174
Arnona,175
Corporate,176
Fee,177
Arnona,178
Income,179
Fee,180
Income,181
Corporate,182
VAT,185
VAT,187
Corporate,188
VAT,189
VAT,190
Income,191
Fee,192
VAT,193
Arnona,194
VAT,195
Corporate,196
Fee,197
VAT,198
Fee,199
Arnona,201
Corporate,203
Corporate,204
Corporate,205
Arnona,206
Income,207
VAT,208
Corporate,209
Arnona,210
VAT,211
Fee,212
Arnona,214
VAT,215
Fee,216
Arnona,217
Income,218
VAT,219
Fee,222
VAT,223
VAT,224
Income,227
VAT,229
Income,230
VAT,231
VAT,233
VAT,235
VAT,236
Arnona,237
Corporate,239
Income,240
Fee,241
Fee,243
Corporate,244
Income,245
Fee,246
VAT,247
Fee,251
Arnona,253
VAT,254
VAT,255
Corporate,257
VAT,258
Income,260
Arnona,261
VAT,264
VAT,265
Arnona,267
Corporate,270
Arnona,271
Corporate,272
Income,273
Fee,274
VAT,275
Corporate,276
Corporate,278
Corporate,281
Corporate,282
Arnona,283
VAT,284
Corporate,285
Income,286
VAT,287
Fee,288
VAT,289
Arnona,293
Fee,294
Arnona,295
Fee,299
Income,300
Arnona,301
Corporate,302
Corporate,303
Corporate,304
Corporate,305
Fee,308
Fee,309
Fee,314
Income,315
Arnona,317
Corporate,318
Fee,320
VAT,321
Corporate,322
Arnona,323
Arnona,325
Fee,326
Arnona,327
Fee,328
Income,331
Arnona,333
Fee,334
VAT,335
Arnona,336
VAT,338
Corporate,340
Fee,341
Income,342
Arnona,343
Arnona,347
Arnona,348
Arnona,349
